id,xxx,prediction
0,5CCZ5W2PG,clust0
1,OKKNXFVU3,clust0
2,URMJB1TG3,clust0
3,R4G98WU41,clust0
4,9J8PQZ17Q,clust0
5,6PNOSRLW5,clust0
6,58QFP6IBB,clust0
7,SQXMNVXC6,clust0
8,VVVGYCKIM,clust0
9,2PDBI37G1,clust0
10,5SW2OYSDM,clust0
11,2DU54AUSC,clust0
12,E4PALJWI4,clust0
13,0AI9JIZ2W,clust0
14,5BXYP93AX,clust0
15,37O1U32LI,clust0
16,P8P954GXN,clust0
17,8OOZT94SC,clust0
18,XHXF5YXJE,clust0
19,Q3YYEHNL1,clust0
20,HJL9II3CK,clust0
21,FOEYL5VB8,clust0
22,L3NG1JIPA,clust0
23,UU5Q37C1D,clust0
24,6NISA79S0,clust0
25,HZQZC0B4V,clust0
26,DS78QQXGW,clust0
27,YZ8KWNRK5,clust0
28,OSE9JC7KL,clust0
29,BABD9B734,clust0
30,VA4SXLLR5,clust0
31,OCVZ3I5SI,clust0
32,Z0OFIRP1B,clust0
33,0E8P6F42T,clust0
34,VQLA6L4E6,clust0
35,LVMT8UTVW,clust0
36,DF65JRUMD,clust0
37,OBT4O2J17,clust0
38,V3CIRS933,clust0
39,L2TT1DM9J,clust0
40,MRP5VAJJ0,clust0
41,7259I6NCQ,clust0
42,HX89G50GS,clust0
43,T6NO95PQV,clust0
44,B5N64H8ZF,clust0
45,TIEIGUGDF,clust0
46,CRPUQ97OJ,clust0
47,Q5K7GGHPN,clust0
48,97TTMR49G,clust0
49,MS0470NPU,clust0
50,50RTA78XQ,clust0
51,3U3JRVHSM,clust0
52,B8RBE7THP,clust0
53,FBWRVYJTV,clust0
54,4B6RV5N8W,clust0
55,ILPPF2Q5O,clust0
56,MT2RHGD80,clust0
57,EX3RN5RW3,clust0
58,1G7S047H0,clust0
59,2AD7RUBNV,clust0
60,ICVX6ORN3,clust0
61,Q5EHPLYEH,clust0
62,XX4GJRQPR,clust0
63,40SNWBK5A,clust0
64,29VY3IBY8,clust0
65,SRDPEWS6T,clust0
66,AQ69R055Z,clust0
67,YF41U5FY6,clust0
68,VY1DWBJ4I,clust0
69,XATC2NQYV,clust0
70,Q494N6FBH,clust0
71,O893081J5,clust0
72,B216RPXJ7,clust0
73,BKS6SKZYM,clust0
74,AMM053W06,clust0
75,T2MKQ79FV,clust0
76,F0AKTDLH4,clust0
77,R2T87O3FO,clust0
78,Q5USF5XSD,clust0
79,5JXUMYW6W,clust0
80,6L185X52Y,clust0
81,0NX5HBGSX,clust0
82,CH1K8ER54,clust0
83,JHU69XW38,clust0
84,YPJSQB1NK,clust0
85,MN78V0SH2,clust0
86,86RUBRW9F,clust0
87,TRN942L56,clust0
88,XYLU5VLWW,clust0
89,9N7FV77E0,clust0
90,GCP8I5V5Z,clust0
91,HT6R8TZVN,clust0
92,7TR6A1MX5,clust0
93,NRZO6E5PR,clust0
94,MKA8MAKIE,clust0
95,0SN4HYKQJ,clust0
96,PVAK1RD6J,clust0
97,4WK5AWN01,clust0
98,WQ4RMKEH8,clust0
99,3GJPR4QJK,clust0
100,RQH6LZ1DN,clust0
101,9JZRKJWQF,clust0
102,L9A2UBMV1,clust0
103,URKNTTCHQ,clust0
104,4R2EL15QS,clust0
105,3H6LG8I9R,clust0
106,AE97CRRAR,clust0
107,PNN04VV8I,clust0
108,ZBLZIXJDM,clust0
109,356B3X6AX,clust0
110,UCSE57GD7,clust0
111,ZRE65F504,clust0
112,6MXSGOUV1,clust0
113,RPSQ8IK5A,clust0
114,Z5LWLCLGQ,clust0
115,3FX5CP8G6,clust0
116,7HPYSOOLT,clust0
117,COVZ4R0CO,clust0
118,VVFAM0N2S,clust0
119,32XQH8YEQ,clust0
120,EJGLSR732,clust0
121,J2QRFW5I1,clust0
122,TU1SLMR17,clust0
123,TXINM8RH6,clust0
124,DBP7NP5YE,clust0
125,HCCKRGJ5X,clust0
126,B971G4H6S,clust0
127,ADMQFHZK2,clust0
128,SERJEBNAH,clust0
129,NZGS8524L,clust0
130,8M658OJUY,clust0
131,EO4PZE0AL,clust0
132,QW3NRQD61,clust0
133,JE80YJ1IN,clust0
134,ITHGU8SBT,clust0
135,FD34W9WKY,clust0
136,4Z3W2RMJG,clust0
137,KMSV9L2XW,clust0
138,JXYPTWNMF,clust0
139,7PL28AX8V,clust0
140,IXK1CISFX,clust0
141,QRJX9T4KM,clust0
142,1Q3Q90SV2,clust0
143,8ZNO8BIHL,clust0
144,HXEDAYCK4,clust0
145,N6ITNW4PA,clust0
146,1O7GLLIT8,clust0
147,UA9ALMGUE,clust0
148,LD5XLTHUG,clust0
149,EUG4PK2AG,clust0
150,XX3HP5XZH,clust0
151,JNZ6OMRZO,clust0
152,0QNEJ6921,clust0
153,QRRN7CSHX,clust0
154,438YCL6BW,clust0
155,4GZKRJA02,clust0
156,4Y9506OEQ,clust0
157,ZNE8CX26J,clust0
158,XBZYWRJI0,clust0
159,2NSKJRKBR,clust0
160,PAA49EBGO,clust0
161,DZR84R00R,clust0
162,VXGFRB5WD,clust0
163,JRQANLB7T,clust0
164,09144M14F,clust0
165,ORGS022F3,clust0
166,OL4DZ8JZR,clust0
167,ZRMCEEM8Q,clust0
168,O94KZFED0,clust0
169,AMZMVXFW8,clust0
170,0W3X17NT9,clust0
171,O3Q8VAY4F,clust0
172,LCWGFSO4L,clust0
173,JWTKF61NC,clust0
174,1J2M5GPOX,clust0
175,0TQ8LVL6A,clust0
176,XE32R4ZCI,clust0
177,5T8X4AEHT,clust0
178,2I9I6MHND,clust0
179,L2D8CUCVK,clust0
180,PJGEJG64N,clust0
181,81Z5QZ9HC,clust0
182,PT3P8SXJY,clust0
183,BV2HR57AJ,clust0
184,60I7H2B6D,clust0
185,AQDRAUC0Y,clust0
186,CBL5VF3IL,clust0
187,MYI6H8VUT,clust0
188,2N3JT554R,clust0
189,6A808LLJM,clust0
190,N53884DUO,clust0
191,ZE04CY3OG,clust0
192,8A69AAWEV,clust0
193,E2XXBG9SD,clust0
194,G1E1VI9PT,clust0
195,DWSBVSYS1,clust0
196,J8PANKDB0,clust0
197,M7TRE6B9L,clust0
198,KFFYJ83IG,clust0
199,8G5ES3JED,clust0
200,VHSHC61I8,clust0
201,EPKWQTJCD,clust0
202,SXY37C8KJ,clust0
203,QUTX8OZW3,clust0
204,PRM8V76R3,clust0
205,E0JF2BQ8X,clust0
206,REM2E9E3X,clust0
207,LHLYUFCTU,clust0
208,JCOEU04X6,clust0
209,EOZ9R1YE2,clust0
210,HB5OY2IT3,clust0
211,8H70N2069,clust0
212,01L6VT7DN,clust0
213,XKAJ06NMX,clust0
214,ILCPGBT05,clust0
215,QLKMDFD8J,clust0
216,DTWBKR22K,clust0
217,JG27BNM5H,clust0
218,C5TY8KO0M,clust0
219,4KYDN84EO,clust0
220,BQ1BYKOC5,clust0
221,92HJ1N39X,clust0
222,W7RKGQI1V,clust0
223,D9RBDIOL0,clust0
224,ZS91Y46I3,clust0
225,2MCBRC1DJ,clust0
226,PXE0DNS9F,clust0
227,INY4B5OPF,clust0
228,EUDIR1RMW,clust0
229,IYMKO9LF4,clust0
230,94Y435G2Q,clust0
231,3ABA286V3,clust0
232,RDCY4GQ21,clust0
233,GBE0U6T83,clust0
234,IA09AYWK1,clust0
235,VTAK1OW52,clust0
236,ZEQ0VL9LO,clust0
237,YXSWVY18V,clust0
238,I8IUF9O21,clust0
239,8NAX0KMZL,clust0
240,53AYU9YKY,clust0
241,E486I4H0T,clust0
242,WPCIJLU3N,clust0
243,S8P71RGIF,clust0
244,2NSKWGEB8,clust0
245,F6P8CZ5UF,clust0
246,SH5MDSJ4N,clust0
247,BUOA5O63N,clust0
248,1XY85SCY9,clust0
249,S5PMWAB4V,clust0
250,HOGJPGIZZ,clust0
251,M69GV4PBZ,clust0
252,KU8W4234J,clust0
253,GHC4Y3U9D,clust0
254,V9GHUVRBU,clust0
255,MO4PZXJ8Y,clust0
256,B5LA7P290,clust0
257,1W6LJ9DT2,clust0
258,DPYSN7JLN,clust0
259,LWJ5KRSFO,clust0
260,Z6Q11HCQY,clust0
261,TMV0ASWC5,clust0
262,IORN88PWY,clust0
263,90XHISVT2,clust0
264,NGRC0OTK8,clust0
265,O0P2DXO1D,clust0
266,GZ8IPL53J,clust0
267,IZ2NNPL1R,clust0
268,H02007F2P,clust0
269,MWX6VP7YQ,clust0
270,88LHNKT82,clust0
271,TEADIOMZH,clust0
272,H9Y1CT6IB,clust0
273,M79RIKP8D,clust0
274,MGVWP8JXP,clust0
275,DHMYPMCDU,clust0
276,KIEBJRDDM,clust0
277,HEXIYT3HQ,clust0
278,V3Y242ECC,clust0
279,563I60QTS,clust0
280,VNB5K3HKO,clust0
281,8SSABDSF2,clust0
282,5RGGF4TYL,clust0
283,P8FGL0H6D,clust0
284,C6KG77TQ4,clust0
285,JVE1OMBAJ,clust0
286,57V1M5M89,clust0
287,BPS1XI2OD,clust0
288,0PS3UG706,clust0
289,MUF93AH55,clust0
290,E87HE5EWW,clust0
291,0X5BKRSLA,clust0
292,FJUNS4X8V,clust0
293,VELHKTP64,clust0
294,PCMZEMW5O,clust0
295,X6YXGOANF,clust0
296,OV9SDQUZX,clust0
297,TIYJAIXHO,clust0
298,0B82D7G57,clust0
299,YN8A37CFR,clust0
300,5SXEP0WKI,clust0
301,I4FY2TL2Y,clust0
302,V11DSNP45,clust0
303,GRBZP9AMN,clust0
304,LH6DFB5F6,clust0
305,OSMTKUZHP,clust0
306,LMGZ9KFB9,clust0
307,G32DNATLX,clust0
308,5KJWNAY41,clust0
309,9DQ2WADQP,clust0
310,ASB70JT03,clust0
311,1TIT6QD69,clust0
312,CG3WLRJAX,clust0
313,SN8IXBGNC,clust0
314,J8R1TIFOU,clust0
315,5TAREL6KW,clust0
316,VITI6YYG5,clust0
317,LCAR4C2AC,clust0
318,L08ZG932H,clust0
319,4N9A32TWT,clust0
320,G4DG2KL3W,clust0
321,RKCT07C4Y,clust0
322,RX3AOHSHS,clust0
323,HF6FBYY47,clust0
324,ZJNR277W0,clust0
325,8DPCQY3O3,clust0
326,U20T1HOBI,clust0
327,8FLYHFAX2,clust0
328,J0RX9SBDE,clust0
329,FCEBA6IMH,clust0
330,0FZ4NDK1V,clust0
331,8R9PYNMQ2,clust0
332,0RTFSIQT0,clust0
333,WCCA61EH1,clust0
334,282HYXY0Z,clust0
335,HYHKBYFA8,clust0
336,8YROK63YG,clust0
337,T500BIM8W,clust0
338,6XP6OZKZ8,clust0
339,C0GNKM5PH,clust0
340,75K6EWA63,clust0
341,P72N65WXO,clust0
342,HQX7RUCJH,clust0
343,14DU9AMYQ,clust0
344,H63E8IF3T,clust0
345,8P4EDJX9M,clust0
346,N5UOS56KQ,clust0
347,91EKDHH8W,clust0
348,S4GLOFWWO,clust0
349,H9F0NUHZL,clust0
350,2OOGRPW7I,clust0
351,X7PXMKK58,clust0
352,4KNM7U86A,clust0
353,J8ZVMAM1F,clust0
354,KE0CSLK6N,clust0
355,8WWQYBOF3,clust0
356,T4H5XJDSA,clust0
357,TTBELUESF,clust0
358,DQGR15TYR,clust0
359,2X8WUM7WU,clust0
360,XMG240E95,clust0
361,SUO1FNYVL,clust0
362,BEFAMCMBL,clust0
363,Q4JG9LJV1,clust0
364,AU6WSDEUP,clust0
365,22SF7NNU2,clust0
366,B6FEXDXUO,clust0
367,H10VP2ZJO,clust0
368,BIAFRGAMC,clust0
369,U6QXRAPBY,clust0
370,014RTH812,clust0
371,FKOJPWUQE,clust0
372,INXWQHS6V,clust0
373,0PMUNN0JV,clust0
374,C169GYLI7,clust0
375,7LLKQZUAR,clust0
376,ZU6DIC1W4,clust0
377,2FSSRVL3Y,clust0
378,8LQBCSJW0,clust0
379,25SR1WIMW,clust0
380,X9T27A6KS,clust0
381,BHGZ9GJ6M,clust0
382,7J5OVVBUS,clust0
383,LDPU5ODDE,clust0
384,9IIOSGCMD,clust0
385,KVI9WUCXC,clust0
386,80XZVQD55,clust0
387,KCHOBK8DZ,clust0
388,J1W8M52IQ,clust0
389,F7O7JP657,clust0
390,SCE3X6T4Z,clust0
391,7MK1U2IF6,clust0
392,K0SFSG83G,clust0
393,7F5W3F1OX,clust0
394,A4NUZ22PL,clust0
395,VF0A5M8KL,clust0
396,GPFHLUZOQ,clust0
397,PYTKK0WJJ,clust0
398,P6OD3RGKS,clust0
399,QZ6XT2PKV,clust0
400,FGJMKVP9H,clust0
401,LUYUP9ZCK,clust0
402,BGUFELJ2L,clust0
403,2IUMVXWR8,clust0
404,GA45I7N1S,clust0
405,C7D87FBF8,clust0
406,9ICALHNP4,clust0
407,JGE2HRFPU,clust0
408,8M0098QBY,clust0
409,52TXJZGR3,clust0
410,Y1THA71IK,clust0
411,EY3KP5F01,clust0
412,PAIE2YCZJ,clust0
413,53SUYI9JV,clust0
414,JUHO9C7TO,clust0
415,HR2U9KPW6,clust0
416,GXETTZVTV,clust0
417,QCG6FU21M,clust0
418,FVYHRK21K,clust0
419,FMNC45UG6,clust0
420,9WM21XO5C,clust0
421,K4XQI78Z2,clust0
422,G67UHNIAU,clust0
423,DWW5SV8NM,clust0
424,U7H3YXT6R,clust0
425,RVNP6KNO4,clust0
426,B1YGO6HY5,clust0
427,3JU9FAUU3,clust0
428,WRXGWXBSN,clust0
429,W4NLROMOW,clust0
430,7Y4OK6WUE,clust0
431,NZBH2GA0C,clust0
432,M9KTG9BP0,clust0
433,1SIOSK3RQ,clust0
434,9HC7101P7,clust0
435,1FV2F2834,clust0
436,NPD8NBR6O,clust0
437,KYTIFAIAQ,clust0
438,184Q1P3KK,clust0
439,R4OO5FKFT,clust0
440,1VULI5G25,clust0
441,2Z2IKU9RE,clust0
442,A8ZDJ5PDE,clust0
443,K4P9SRW3A,clust0
444,WAN2SS5YD,clust0
445,FWVCCCNHW,clust0
446,H66AUDKPD,clust0
447,EA6BCEMKX,clust0
448,V26ELUPRX,clust0
449,YA54L81JN,clust0
450,QG3JVQ9GU,clust0
451,ZWOG1G0E4,clust0
452,B5I8ZG5HT,clust0
453,J9W1YQQVX,clust0
454,X13HPGM1A,clust0
455,7CPMP6BDN,clust0
456,55ZO4CT0N,clust0
457,CYPL6AY9G,clust0
458,L8TOW6TNA,clust0
459,MET0LO2VH,clust0
460,DNHJI3YC7,clust0
461,MPI6QYLRO,clust0
462,85GKX35QF,clust0
463,TD5GSWE30,clust0
464,9JISZW2D3,clust0
465,ZR7S7G4XE,clust0
466,71K8MDKF5,clust0
467,BI906IJ6Y,clust0
468,P0AY216J3,clust0
469,55YYXPY68,clust0
470,GPBMDFOBB,clust0
471,N2YG5HP59,clust0
472,LBMB0NC3A,clust0
473,QV99CFKKN,clust0
474,NUGX79UF8,clust0
475,UZFZPNAGD,clust0
476,GFS6AK0LS,clust0
477,C9USI74UA,clust0
478,455ENEIP0,clust0
479,LKA554BEI,clust0
480,CEQXULY5U,clust0
481,AZAQ6AU88,clust0
482,AGONNB8P1,clust0
483,MN97P3QRD,clust0
484,TINFYIC7L,clust0
485,IGYQ0TFFJ,clust0
486,5Y8J20547,clust0
487,T273G1Q6I,clust0
488,QY8VOMWGS,clust0
489,53TVZQWLY,clust0
490,8VXQLFMEW,clust0
491,J6T3XR6FN,clust0
492,9AR0R3FV9,clust0
493,TSD65RCZ5,clust0
494,8TPQ9WRR1,clust0
495,YGWF8BZ0Q,clust0
496,OY6QMFL84,clust0
497,LUQFI5EOG,clust0
498,62E6KTMYD,clust0
499,BIPK5ZAR1,clust0
500,CSVH2PL9J,clust0
501,2AS1JDWNN,clust0
502,QFRSR06RO,clust0
503,C1A6VHMXI,clust0
504,U95UK89JI,clust0
505,0WVP8I17C,clust0
506,5L4613R0F,clust0
507,HK5RA8VN2,clust0
508,VPGEFD68Q,clust0
509,TDEV4PXK7,clust0
510,R0JDVT05C,clust0
511,4QOGQBU7G,clust0
512,MLDCFFL0X,clust0
513,ZB51RNYDZ,clust0
514,IJZWVEFQV,clust0
515,6FY7WQAZ0,clust0
516,YH74W3DOQ,clust0
517,RQCAYNN76,clust0
518,N07YB249X,clust0
519,BZY2PLVEA,clust0
520,A7TW4V5CD,clust0
521,U5O7QSXSB,clust0
522,J4GN0JLOP,clust0
523,45AMGIS8L,clust0
524,2Q87KTVG0,clust0
525,EA87RASFM,clust0
526,5M75UPLYH,clust0
527,B5SVURC6I,clust0
528,3S2B35GDS,clust0
529,IDCSB0YRL,clust0
530,BX48GOZDP,clust0
531,SR0LO6B6O,clust0
532,HYDRDQX13,clust0
533,O6R9BU1AE,clust0
534,37NA61AAI,clust0
535,CPDDFKY5G,clust0
536,CMUEVJW0P,clust0
537,437HR0O4H,clust0
538,52EEXN2DV,clust0
539,DTKH8QTCA,clust0
540,5NWE9939I,clust0
541,R0OENM5B3,clust0
542,D78KKG0TF,clust0
543,EMFURT241,clust0
544,H1P772POB,clust0
545,Q4KUCIVNO,clust0
546,93QYQUHI9,clust0
547,QDXK2JS22,clust0
548,L6MHDE4QK,clust0
549,DN6XW72NA,clust0
550,2CWQPKMAH,clust0
551,ZMG62TFTN,clust0
552,VCUF1DQ0X,clust0
553,KRGP4PXL9,clust0
554,IXX3IKOLV,clust0
555,C7SAB7SNT,clust0
556,100UDECF2,clust0
557,1USVWBEQM,clust0
558,860H86ITI,clust0
559,5TWG6M09W,clust0
560,OWNVFSGEN,clust0
561,NRKTLCX24,clust0
562,0TS3YTURI,clust0
563,4G7VWTPRJ,clust0
564,NL6GPHWMS,clust0
565,79IK65LHE,clust0
566,LRV44BD5W,clust0
567,VFUIAWE31,clust0
568,ZJ3Z5EF6F,clust0
569,8WS3MV0OU,clust0
570,GD5JEBNLG,clust0
571,PQSETLS5J,clust0
572,C4YJ2FZWX,clust0
573,7BHS5LCJG,clust0
574,ZIT8LJPOQ,clust0
575,S79GK1YW1,clust0
576,RX2001QL6,clust0
577,IIO55NSRS,clust0
578,JQBGKP6W8,clust0
579,PIKAQ0438,clust0
580,3BHYBK3PE,clust0
581,Y5KXCTNCC,clust0
582,ORTU9035E,clust0
583,2U1M5T5WK,clust0
584,MSTMHYBD5,clust0
585,SF5Z8M52N,clust0
586,IO819H46B,clust0
587,AB50GU0I7,clust0
588,MEKD7VKBL,clust0
589,0GX24IEE5,clust0
590,45JAJQR0T,clust0
591,FTQS4WZEI,clust0
592,FPH47KAPA,clust0
593,FBUQXJ4SJ,clust0
594,ZFAS23QLR,clust0
595,SHBB7UABV,clust0
596,7HHTPPF4Y,clust0
597,EJVIWVZ5R,clust0
598,L4G6AVLHK,clust0
599,MJW2G0JDF,clust0
600,YQHW5JB3S,clust0
601,J3B9JRMCQ,clust0
602,J5XGQ0VWB,clust0
603,75RAEPRC3,clust0
604,2TS5RQWDI,clust0
605,H6LGVLQGV,clust0
606,233S4VIJO,clust0
607,BCFIYP6KF,clust0
608,ANV3SXQ4P,clust0
609,LXYEB8KVT,clust0
610,2FJH5GHUO,clust0
611,EV8EY8E26,clust0
612,MWXMABNZK,clust0
613,BVGVZAPY8,clust0
614,DXLP0Y284,clust0
615,CFSFIH899,clust0
616,3AOMVJBWC,clust0
617,QLXZEGRSL,clust0
618,Y3GJF5Y41,clust0
619,HW00BSNH2,clust0
620,62J7MXC2B,clust0
621,9GORYNJUQ,clust0
622,5IHJMBG5D,clust0
623,487Q5O8JW,clust0
624,PEBQG1VOE,clust0
625,6M16PPENP,clust0
626,Q7AE33JY2,clust0
627,55DNOTPPG,clust0
628,48G629OPD,clust0
629,FUM1OK9W6,clust0
630,ATAY2N4IY,clust0
631,E0UZQH1FW,clust0
632,TRFTF4BO0,clust0
633,Y1ALZ9RCA,clust0
634,P92KHSCR9,clust0
635,RW9XKYP0A,clust0
636,SXSKUMS84,clust0
637,QFH3715U1,clust0
638,PFBYZQV4E,clust0
639,E3D8DMUQ8,clust0
640,0WBE8JFIW,clust0
641,EPWNLZUIU,clust0
642,GJFNQHU5H,clust0
643,BY6CET79Y,clust0
644,1GOFXT1OV,clust0
645,7EOSTUJE2,clust0
646,21QW58OKO,clust0
647,LFNL8U9MD,clust0
648,7Q1COC0ZE,clust0
649,5NJUNEM55,clust0
650,E2QJKN6TN,clust0
651,0RETU2IQZ,clust0
652,YGURXOOAR,clust0
653,XF21U000I,clust0
654,7L2CBZMMZ,clust0
655,VY1IQK701,clust0
656,AKZF7OC2N,clust0
657,M4DXAGNGQ,clust0
658,LSWIEUH5F,clust0
659,KTQQXTMCE,clust0
660,02OAXUDJX,clust0
661,BXUZHRY8G,clust0
662,9WYECR5DV,clust0
663,SU3FHIVRL,clust0
664,S8JIH40OC,clust0
665,XWK2BVVNJ,clust0
666,WQD8F0OC3,clust0
667,VSJ3PM8SE,clust0
668,ER2TROSSO,clust0
669,0EHOVL3F8,clust0
670,2KHI20P5A,clust0
671,2K2C2KVHE,clust0
672,WQN2R7MUX,clust0
673,MZV7A5KTQ,clust0
674,0LOFBXUAD,clust0
675,35N5502MV,clust0
676,YWRQWOGXY,clust0
677,UQB9OT0OP,clust0
678,FZB0LZY0C,clust0
679,4E4S5QF2T,clust0
680,WDJZYI0Y6,clust0
681,LF4ZASO36,clust0
682,28QNVWHGS,clust0
683,KOBD1ACGV,clust0
684,QKQCHAJWK,clust0
685,IEOR1SXLA,clust0
686,AWGC5SU5W,clust0
687,CDBZE0LTM,clust0
688,USZWE3AUZ,clust0
689,XF2SW6SXA,clust0
690,W1LDR5U99,clust0
691,W3B739UFB,clust0
692,JRA8NQELS,clust0
693,854ZOA1HA,clust0
694,8BIJBG28L,clust0
695,LN842KM7D,clust0
696,1522ZTYU2,clust0
697,AY5XSBYCA,clust0
698,BE7XGNEPB,clust0
699,CR4DLZ6DM,clust0
700,GKRC20GJD,clust0
701,3ALH6OGW7,clust0
702,J20JO79EW,clust0
703,PZ7V9JAXA,clust0
704,H8C8V4AOO,clust0
705,WA7J07X2J,clust0
706,7B3SHSNF3,clust0
707,6SGKV8V8U,clust0
708,M5YB4H9ZB,clust0
709,94J6OKYJ2,clust0
710,AZB66ZE59,clust0
711,TG1JUIHIT,clust0
712,52UMYZ0AQ,clust0
713,40V3VXC61,clust0
714,ISJRFYV8V,clust0
715,TER22Y23C,clust0
716,1BZG1KE0Y,clust0
717,3674XT7SS,clust0
718,P89UNXKHE,clust0
719,O5YRQSNWR,clust0
720,VEKCFL5VR,clust0
721,2C6KNA6EJ,clust0
722,ZB4E0WLFM,clust0
723,RN0P2YXM8,clust0
724,P9T3GAF6P,clust0
725,EWT67SH1S,clust0
726,UY8PKVPO0,clust0
727,1S6ZLSGJS,clust0
728,WOSNKWG1Y,clust0
729,YAGZ4YXFN,clust0
730,K1VC9HHNU,clust0
731,RNFE2L77J,clust0
732,PMYWGHUJG,clust0
733,BTUIX6VOW,clust0
734,RYXCO0OU2,clust0
735,6QFBAOK7W,clust0
736,U8EMJ67QR,clust0
737,Q5MSSH44F,clust0
738,P2TZRS49C,clust0
739,7WEV0ZEB8,clust0
740,4AMC75PTB,clust0
741,GTI2GZ6XF,clust0
742,BNOOK6QGT,clust0
743,K5PYKHSK7,clust0
744,R6G3W05BD,clust0
745,PJ1PMZKCG,clust0
746,5MROBRYMU,clust0
747,A9D8K3P9O,clust0
748,8WYV44HVQ,clust0
749,RTAM4EG9S,clust0
750,N1WEK9H71,clust0
751,K1MBWILKR,clust0
752,2CXRAOMMR,clust0
753,D8QAFWQOD,clust0
754,2JIU81QBO,clust0
755,W0IY378IE,clust0
756,PSVL9IGP4,clust0
757,LBXY2XIQG,clust0
758,68VVPRF5O,clust0
759,LJ3POS60G,clust0
760,914Y0S91B,clust0
761,GLRGWFBWL,clust0
762,4JXE6A4NR,clust0
763,GXDRJ4TRK,clust0
764,EC8NO2K6T,clust0
765,LEQ02URM2,clust0
766,GAWBPSFFD,clust0
767,93QRG8MC3,clust0
768,YRBTIVKDS,clust0
769,SHF4EBY5K,clust0
770,YQSX2SZ4A,clust0
771,WPP9ZOG5E,clust0
772,CQ5MRTVRC,clust0
773,4NFGG35RI,clust0
774,2RA8MCQPG,clust0
775,H3BSKLPG3,clust0
776,W962SS9B7,clust0
777,SZT4TDQDU,clust0
778,3FTBUMIFB,clust0
779,20CKF3ZWL,clust0
780,S1MK0KQ5O,clust0
781,JK4AAAKB3,clust0
782,B6QVWTDA9,clust0
783,1UHQXTIZH,clust0
784,3GRGFIRRE,clust0
785,NCSKL2DYQ,clust0
786,V7NKL671S,clust0
787,Y95FQN0II,clust0
788,R2XGPA6X9,clust0
789,HIX8J8CW5,clust0
790,N7XPCVVBV,clust0
791,OQNZ7MT3K,clust0
792,HU5LTUPUB,clust0
793,J5MY1UZCZ,clust0
794,TH749UJX1,clust0
795,1GCK8TU9H,clust0
796,XO2IP210Q,clust0
797,1WUGH0AHU,clust0
798,VK0D7KPVG,clust0
799,9T5KNHU4E,clust0
800,XISFL3YUG,clust0
801,ND16QJ4X3,clust0
802,RW533BDLF,clust0
803,63POERV3P,clust0
804,P2X3RW4FP,clust0
805,CXMGWAJYV,clust0
806,CMVG1CP88,clust0
807,0P09TUI04,clust0
808,4BJMEMKZK,clust0
809,M22UJGYIL,clust0
810,YV94FB1QZ,clust0
811,AGQEHUNRX,clust0
812,ADMGIKK1Z,clust0
813,O4UQAQWKH,clust0
814,66BZIVHMQ,clust0
815,W1VNSW6KX,clust0
816,LFZF5Q57M,clust0
817,8U6UQDQIY,clust0
818,CY6V88Q8U,clust0
819,ILFD302RC,clust0
820,AZXLPGDE6,clust0
821,B3O94VEPH,clust0
822,QPW71MW7T,clust0
823,S112UXT5G,clust0
824,M3K3G0HHX,clust0
825,OR8882JPW,clust0
826,LDN37CDIQ,clust0
827,OSVG1CERG,clust0
828,2AV2BWNYL,clust0
829,RDCR8K03W,clust0
830,M9FLOWVQ1,clust0
831,Q6J70EUF3,clust0
832,W4EFPUG6F,clust0
833,960H3ORVN,clust0
834,VAHRUDUJ6,clust0
835,YAGWP5YJB,clust0
836,NGBS4GB0H,clust0
837,OE8J8D5YU,clust0
838,4V329RJJQ,clust0
839,HFCIK3UXG,clust0
840,JUX1BZ6HY,clust0
